_uid_,id,state,county,month,day,hour,minute,ve_forms,persons,peds,nhs,road_fnc,route,sp_jur,harm_ev,man_coll,rel_road,lgt_cond,weather,not_hour,not_min,arr_hour,arr_min,hosp_hr,hosp_mn,sch_bus,cf1,cf2,cf3,fatals,day_week,drunk_dr,st_case,city,milept,year,tway_id,tway_id2,rail,latitude,longitud,road_fnc_1,streetid
472,1,42,101,1,22,18,31,1,2,1,1,13,3,0,8,0,1,3,1,99,99,99,99,99,99,0,0,0,0,1,5,1,420074,6540,2.000000000000000,2004,SR-309,FIFTEENTH ST,0000000,40.064102779999999,-75.140794439999993,13,35241
775,2,42,101,1,22,21,28,2,3,0,0,16,6,0,12,5,1,3,1,99,99,99,99,99,99,0,0,0,0,2,5,1,420093,6540,0.000000000000000,2004,FIFTH ST,SUSQUEHANNA AV,0000000,39.984455560000001,-75.141869439999994,16,20748
281,3,42,101,1,11,6,39,1,2,1,0,14,3,0,8,0,1,1,1,99,99,99,99,99,99,0,0,0,0,1,1,0,420094,6540,52.000000000000000,2004,SR-1004,SR-2009,0000000,40.013633329999998,-75.068591670000004,14,8757
102,4,42,101,2,13,13,49,1,2,1,0,13,3,0,8,0,1,1,1,99,99,99,99,99,99,0,0,0,0,1,6,0,420095,6540,43.000000000000000,2004,SR-3,CHESTNUT ST,0000000,39.951369440000001,-75.168816669999998,13,726
282,5,42,101,2,10,21,5,2,2,0,0,13,2,0,12,4,1,3,1,99,99,99,99,99,99,0,0,0,0,1,3,0,420096,6540,89.000000000000000,2004,US-13,99999999999999999999,0000000,40.028011110000001,-75.059174999999996,13,27199
507,6,42,101,2,18,0,34,1,1,0,0,16,6,0,33,0,99,3,1,0,39,0,51,1,15,0,0,0,0,1,4,1,420069,6540,0.000000000000000,2004,WALT WHITMAN BR,TOLL LANE,0000000,39.909919440000003,-75.155188890000005,16,34840
283,7,42,101,2,25,18,20,2,2,0,1,13,3,0,12,5,1,3,1,99,99,99,99,99,99,0,0,0,0,1,4,2,420097,6540,47.000000000000000,2004,SR-2009,CHELTENHAM AV,0000000,40.017580559999999,-75.065169440000005,13,7781
776,8,42,101,1,26,21,20,1,4,0,1,12,2,0,21,0,2,3,8,99,99,99,99,99,99,0,0,0,0,1,2,0,420098,6540,65.000000000000000,2004,US-1,99999999999999999999,0000000,40.020097219999997,-75.150555560000001,12,26002
508,9,42,101,2,27,19,45,1,2,1,0,16,6,0,8,0,1,3,1,99,99,99,99,99,99,0,0,0,0,1,6,0,420099,6540,0.000000000000000,2004,WOLF ST,99999999999999999999,0000000,39.924163890000003,-75.190744440000003,16,10848
284,10,42,101,4,7,15,34,2,2,0,0,13,3,0,12,2,1,1,1,99,99,99,99,99,99,0,0,0,0,1,4,0,420117,6540,12.000000000000000,2004,SR-1013,CONVENT AV,0000000,40.062588890000001,-75.009455560000006,13,16613
777,11,42,101,5,10,23,11,1,3,1,1,13,3,0,8,0,1,3,1,99,99,99,99,99,99,0,0,0,0,3,2,1,420118,6540,50.000000000000000,2004,SR-611,VENANGO ST,0000000,40.007638890000003,-75.151449999999997,13,25478
1,12,42,101,4,18,7,0,1,1,0,0,99,3,0,25,0,2,1,1,99,99,99,99,0,0,0,0,0,0,1,1,0,420119,6540,9.000000000000000,2004,SR-8004,99999999999999999999,0000000,40.003250000000001,-75.194961109999994,99,3464
194,13,42,101,4,28,16,56,1,1,0,0,14,3,0,14,0,2,1,1,16,55,17,7,17,25,0,0,0,0,1,4,0,420120,6540,7.000000000000000,2004,SR-1015,99999999999999999999,0000000,40.075161110000003,-74.979502780000004,14,16114
285,14,42,101,2,18,13,0,1,2,1,0,16,6,0,8,0,1,1,1,13,5,13,10,0,0,0,0,0,0,1,4,0,420171,6540,0.000000000000000,2004,CRISPIN ST,99999999999999999999,0000000,40.051422219999999,-75.013208329999998,16,16745
778,15,42,101,5,11,17,17,1,2,1,1,13,3,0,8,0,1,1,1,17,13,17,19,17,35,0,0,0,0,1,3,0,420175,6540,49.000000000000000,2004,SR-611,99999999999999999999,0000000,40.005805559999999,-75.151872220000001,13,31793
779,16,42,101,3,28,22,18,2,2,0,1,13,3,0,12,3,1,3,1,22,18,22,21,22,41,0,0,0,0,1,1,0,420201,6540,64.000000000000000,2004,SR-611,ROCKLAND ST,0000000,40.027680560000000,-75.147261110000002,13,25888
473,17,42,101,4,17,7,50,1,2,1,0,16,6,0,8,0,1,1,1,99,99,99,99,99,99,0,0,0,0,1,7,0,420202,6540,0.000000000000000,2004,SECOND ST,99999999999999999999,0000000,40.052888889999998,-75.122211109999995,16,31822
286,18,42,101,4,15,22,15,1,2,0,0,13,2,0,30,0,6,3,1,22,14,22,18,22,42,0,0,0,0,2,5,1,420203,6540,114.000000000000000,2004,US-13,99999999999999999999,0000000,40.046333330000003,-75.015574999999998,13,18666
287,19,42,101,4,27,14,40,2,3,0,0,13,3,0,12,4,1,1,1,14,40,14,48,15,4,0,0,0,0,1,3,0,420204,6540,9.000000000000000,2004,SR-1013,SR-1016,0000000,40.057822219999998,-75.008755559999997,13,16810
288,20,42,101,3,27,0,40,1,1,0,0,14,3,0,42,0,3,3,1,0,43,0,48,1,16,0,0,0,0,1,7,0,420205,6540,17.000000000000000,2004,SR-1016,99999999999999999999,0000000,40.056649999999998,-75.013022219999996,14,16719
289,21,42,101,3,5,13,0,1,1,0,0,16,6,0,33,0,4,1,1,99,99,99,99,99,99,0,0,0,0,1,6,0,420206,6540,0.000000000000000,2004,WALNUT HILL RD,99999999999999999999,0000000,40.057758329999999,-75.033491670000004,16,23760
290,22,42,101,4,13,13,0,2,2,0,0,16,6,0,12,4,4,1,2,13,1,13,10,13,35,0,0,0,0,1,3,0,420207,6540,0.000000000000000,2004,EMERSON ST,HOFFNAGLE ST,0000000,40.063447220000000,-75.048897220000001,16,38956
103,23,42,101,5,7,10,5,1,2,1,1,11,1,0,8,0,1,9,1,99,99,99,99,0,0,0,0,0,0,1,6,0,420208,6540,212.000000000000000,2004,I-95,99999999999999999999,0000000,39.948044439999997,-75.141661110000001,11,24972
672,24,42,101,5,2,19,40,1,2,1,0,16,6,0,8,0,1,1,1,19,41,19,44,20,2,0,0,0,0,1,1,0,420197,6540,0.000000000000000,2004,WESTFORD RD,99999999999999999999,0000000,40.029680560000003,-75.116158330000005,16,34656
780,25,42,101,5,15,10,48,1,2,1,0,13,3,0,8,0,1,1,1,10,49,10,58,11,3,0,0,0,0,1,7,1,420198,6540,11.000000000000000,2004,SR-1004,NINTH ST,0000000,40.008163889999999,-75.142766670000000,13,15794
2,26,42,101,5,13,2,36,2,2,0,0,16,6,0,12,4,1,3,1,2,39,2,44,0,0,0,0,0,0,1,5,0,420199,6540,0.000000000000000,2004,LINCOLN DR,99999999999999999999,0000000,40.024005559999999,-75.195744439999999,16,40055
603,27,42,101,5,23,1,12,1,2,1,0,15,3,0,8,0,1,3,1,1,13,1,19,1,34,0,0,0,0,1,1,1,420200,6540,18.000000000000000,2004,SR-3017,RACE ST,0000000,39.963108329999997,-75.224275000000006,15,34111
291,28,42,101,4,11,23,35,1,2,1,1,13,2,0,8,0,1,3,1,99,99,99,99,99,99,0,0,0,0,1,1,0,420211,6540,119.000000000000000,2004,US-1,99999999999999999999,0000000,40.040727779999997,-75.058088889999993,13,31292
292,29,42,101,2,16,0,59,1,1,0,0,16,6,0,33,0,4,3,1,1,1,1,6,0,0,0,0,0,0,1,2,0,420214,6540,0.000000000000000,2004,WORTH ST,CHURCH ST,0000000,40.008011109999998,-75.083327780000005,16,8771
673,30,42,101,6,18,14,10,1,3,1,0,16,6,0,8,0,2,1,1,14,13,14,17,14,20,0,0,0,0,1,6,0,420281,6540,0.000000000000000,2004,HAZZARD ST,99999999999999999999,0000000,39.983233329999997,-75.123344439999997,16,21134
781,31,42,101,6,1,22,30,1,2,1,0,16,6,0,9,0,1,3,1,22,7,22,12,22,24,0,0,0,0,1,3,0,420282,6540,0.000000000000000,2004,EIGHTEENTH ST,SUSQUEHANNA AV,0000000,39.987177780000003,-75.162599999999998,16,4040
782,32,42,101,5,1,22,54,2,2,0,1,13,3,0,12,5,1,3,1,22,56,23,1,23,4,0,0,0,0,1,7,0,420301,6540,35.000000000000000,2004,SR-611,99999999999999999999,0000000,39.986849999999997,-75.156088890000007,13,4933
509,33,42,101,6,6,2,46,1,1,0,0,99,3,0,33,0,6,3,2,2,47,2,53,3,13,0,0,0,0,1,1,1,420302,6540,2.000000000000000,2004,SR-8007,99999999999999999999,0000000,39.926194440000003,-75.144972220000000,99,35606
783,34,42,101,4,10,23,42,2,6,0,0,16,6,0,12,5,1,3,1,23,44,23,48,0,10,0,0,0,0,1,7,1,420280,6540,0.000000000000000,2004,SECOND ST,CECIL B MOORE AV,0000000,39.976233329999999,-75.138130559999993,16,20672
195,35,42,101,5,6,1,44,1,1,0,1,13,2,0,33,0,3,3,1,1,43,1,50,2,2,0,0,0,0,1,5,0,420338,6540,171.000000000000000,2004,US-1,99999999999999999999,0000000,40.101383329999997,-75.006930560000001,13,18406
604,36,42,101,6,22,1,34,2,7,0,1,13,3,0,12,3,1,3,1,1,31,1,35,1,53,0,0,0,0,1,3,0,420409,6540,213.000000000000000,2004,SR-3,SR-3017,0000000,39.958475000000000,-75.225197219999998,13,33908
196,37,42,101,6,28,14,25,1,1,0,0,16,6,0,42,0,6,1,1,14,34,14,39,15,15,0,0,0,0,1,2,0,420405,6540,0.000000000000000,2004,SANDMEYER LN,99999999999999999999,0000000,40.112969440000001,-75.033752780000000,16,37593
605,38,42,101,6,20,1,28,1,1,0,0,16,6,0,42,0,6,3,1,1,22,1,30,2,10,0,0,0,0,1,1,1,420406,6540,0.000000000000000,2004,CATHEDRAL RD,99999999999999999999,0000000,40.067161110000001,-75.226166669999998,16,6978
293,39,42,101,6,24,1,26,1,1,0,1,13,2,0,33,0,4,3,1,1,26,1,31,1,52,0,0,0,0,1,5,1,420407,6540,104.000000000000000,2004,US-1,99999999999999999999,0000000,40.031730560000000,-75.084041670000005,13,22467
104,40,42,101,6,10,16,20,1,2,1,0,16,6,0,8,0,1,1,1,16,19,16,24,16,56,0,0,0,0,1,5,0,420408,6540,0.000000000000000,2004,SPRUCE ST,99999999999999999999,0000000,39.944794440000003,-75.147566670000003,16,36353
105,41,42,101,1,16,6,18,2,2,0,1,11,1,0,12,8,1,2,1,99,99,99,99,99,99,0,0,0,0,1,6,0,420433,6540,16.000000000000000,2004,I-676,99999999999999999999,0000000,39.956997219999998,-75.152413890000005,11,19378
674,42,42,101,8,18,15,30,2,5,0,0,16,6,0,12,4,1,1,1,15,33,15,38,15,51,0,0,0,0,1,4,0,420525,6540,0.000000000000000,2004,THAYER ST,EMERALD ST,0000000,39.996375000000000,-75.107219439999994,16,15056
474,43,42,101,8,2,23,14,1,2,0,0,13,3,0,30,0,6,3,1,23,11,23,16,23,41,0,0,0,0,1,2,0,420526,6540,29.000000000000000,2004,SR-4002,99999999999999999999,0000000,40.061063890000000,-75.168122220000001,13,38863
510,44,42,101,4,16,12,50,1,1,0,0,99,3,0,25,0,3,1,1,99,99,99,99,99,99,0,0,0,0,1,6,0,420588,6540,10.000000000000000,2004,SR-8003,99999999999999999999,0000000,39.911011109999997,-75.148580559999999,99,18355
3,45,42,101,7,12,21,54,1,1,0,0,16,6,0,42,0,6,3,2,21,51,21,59,22,24,0,0,0,0,1,2,0,420618,6540,0.000000000000000,2004,LINCOLN DR,99999999999999999999,0000000,40.035077780000002,-75.188491670000005,16,25919
294,46,42,101,7,31,4,25,2,6,0,0,14,3,0,12,2,1,3,1,4,25,4,36,5,2,0,0,0,0,1,7,1,420619,6540,53.000000000000000,2004,SR-1004,99999999999999999999,0000000,40.014105559999997,-75.066000000000003,14,9052
106,47,42,101,7,19,20,43,2,3,0,0,16,6,0,12,5,1,3,1,20,36,20,44,20,54,0,0,0,0,1,2,0,420620,6540,0.000000000000000,2004,GRAYS FERRY AV,THIRTYFIRST ST,0000000,39.939102779999999,-75.194891670000004,16,2130
606,48,42,101,7,5,16,4,1,2,1,0,16,6,0,8,0,1,1,1,16,2,16,6,16,27,0,0,0,0,1,2,0,420621,6540,0.000000000000000,2004,SIXTYFIRST ST,99999999999999999999,0000000,39.963352780000001,-75.242516670000001,16,34441
784,49,42,101,7,9,23,42,2,2,0,0,16,6,0,12,2,1,3,1,23,43,23,46,0,2,0,0,0,0,1,6,0,420622,6540,0.000000000000000,2004,AMERICAN ST,99999999999999999999,0000000,39.991205559999997,-75.136166669999994,16,10146
4,50,42,101,7,21,0,21,1,1,0,0,13,3,0,1,0,6,3,1,0,20,0,26,0,0,0,0,0,0,1,4,1,420562,6540,29.000000000000000,2004,SR-3007,99999999999999999999,0000000,39.969927779999999,-75.188730559999996,13,37575
475,51,42,101,5,8,20,41,1,3,2,0,16,6,0,8,0,1,3,1,20,40,20,48,20,55,0,0,0,0,1,7,0,420584,6540,0.000000000000000,2004,FIFTH ST,SIXTYSEVENTH AV,0000000,40.053330559999999,-75.126769440000004,16,40936
295,52,42,101,7,23,12,42,1,2,1,1,13,3,0,8,0,1,1,1,12,43,12,47,0,0,0,0,0,0,1,6,0,420615,6540,43.000000000000000,2004,SR-2009,TULIP ST,0000000,40.012191670000000,-75.069380559999999,13,9062
785,53,42,101,7,13,14,20,1,2,1,0,16,6,0,9,0,1,1,1,14,27,14,30,14,43,0,0,0,0,1,3,0,420616,6540,0.000000000000000,2004,MASTER ST,99999999999999999999,0000000,39.973116670000003,-75.147652780000001,16,19904
197,54,42,101,7,23,19,25,1,5,0,0,13,3,0,42,0,4,1,1,19,32,19,37,20,15,0,0,0,0,1,6,1,420617,6540,1.000000000000000,2004,SR-1022,EVANS ST,0000000,40.111505559999998,-75.000869440000002,13,17703
511,55,42,101,7,25,2,38,3,6,0,1,11,1,0,12,1,2,3,1,2,49,2,56,3,19,0,0,0,0,1,1,1,420627,6540,71.000000000000000,2004,I-95,99999999999999999999,0000000,39.911519439999999,-75.172888889999996,11,4672
107,56,42,101,8,6,18,40,1,1,0,1,11,1,0,25,0,8,1,1,18,42,18,50,0,0,0,0,0,0,1,6,1,420629,6540,21.000000000000000,2004,I-676,SR-8009,0000000,39.956899999999997,-75.144633330000005,11,31928
786,57,42,101,8,6,21,40,3,4,0,0,16,6,0,12,99,1,3,1,21,39,21,52,21,59,0,0,0,0,1,6,0,420630,6540,0.000000000000000,2004,TWENTYSECOND ST,INDIANA ST,0000000,40.000208330000000,-75.166583329999995,16,5433
675,58,42,101,7,16,23,0,2,2,0,0,16,6,0,12,5,1,3,1,23,0,23,3,23,26,0,0,0,0,1,6,0,420669,6540,0.000000000000000,2004,TIOGA ST,I ST,0000000,40.000861110000002,-75.110325000000003,16,8021
787,59,42,101,3,4,3,40,2,4,0,0,16,6,0,12,5,1,3,2,3,44,3,50,4,9,0,0,0,0,1,5,0,420683,6540,0.000000000000000,2004,NINTH ST,WYOMING AV,0000000,40.023452780000000,-75.139363889999998,16,37113
296,60,42,101,3,6,3,20,1,2,0,1,13,3,0,30,0,6,3,2,3,21,3,22,3,53,0,0,0,0,1,7,1,420684,6540,5.000000000000000,2004,SR-73,MONTOUR ST,0000000,40.058533330000003,-75.078719440000000,13,30450
788,61,42,101,7,22,18,40,1,1,0,0,14,3,0,39,0,4,1,1,18,37,18,44,18,54,0,20,0,0,1,5,1,420730,6540,6.000000000000000,2004,SR-4003,ABBOTTSFORD AV,0000000,40.017247220000002,-75.171894440000003,14,35482
198,62,42,101,2,25,0,50,4,5,0,1,13,2,0,12,1,1,3,1,1,1,1,6,1,21,0,0,0,0,1,4,1,420678,6540,151.000000000000000,2004,US-1,SR-1018,0000000,40.080919440000002,-75.028711110000003,13,23506
297,63,42,101,2,14,16,50,2,2,0,1,13,3,0,12,5,1,1,1,16,50,16,58,17,13,0,0,0,0,1,7,0,420679,6540,44.000000000000000,2004,SR-73,MILNOR ST,0000000,40.021677779999997,-75.038013890000002,13,37223
5,64,42,101,2,10,17,18,1,1,0,0,16,6,0,43,0,6,1,1,99,99,99,99,99,99,0,0,0,0,1,3,0,420680,6540,0.000000000000000,2004,CHAMOUNIX DR,99999999999999999999,0000000,40.003574999999998,-75.198374999999999,16,32471
298,65,42,101,1,24,18,25,1,2,1,1,13,2,0,8,0,1,3,1,99,99,99,99,99,99,0,0,0,0,1,7,1,420690,6540,132.000000000000000,2004,US-1,SR-1014,0000000,40.056605560000001,-75.046561109999999,13,18080
607,66,42,101,3,5,15,15,1,2,1,0,16,6,0,8,0,1,1,1,99,99,99,99,99,99,0,21,0,0,1,6,0,420706,6540,0.000000000000000,2004,CATHARINE ST,99999999999999999999,0000000,39.950355559999998,-75.238161109999993,16,12178
6,67,42,101,6,23,12,40,1,2,1,1,13,2,0,8,0,1,1,1,12,44,12,50,12,56,0,0,0,0,1,4,0,420887,6540,34.000000000000000,2004,US-1,MONUMENT RD,0000000,40.007147220000000,-75.213741670000005,13,31624
789,68,42,101,4,25,2,20,1,2,1,1,12,2,0,8,0,1,3,1,2,22,2,28,0,0,0,0,0,0,1,1,1,420991,6540,57.000000000000000,2004,US-1,SR-8041,0000000,40.018441670000001,-75.167833329999993,12,25522
7,69,42,101,12,23,0,37,2,4,0,0,13,3,0,12,5,1,3,1,0,37,0,41,1,22,0,0,0,0,1,5,0,420920,6540,1.000000000000000,2004,SR-4004,MOUNT PLEASANT ST,0000000,40.059619439999999,-75.187797219999993,13,6570
299,70,42,101,9,14,9,40,1,2,1,0,16,6,0,24,0,2,1,1,9,40,9,44,10,50,0,0,0,0,1,3,0,420948,6540,0.000000000000000,2004,LEVICK ST,99999999999999999999,0000000,40.016672219999997,-75.046313889999993,16,23519
790,71,42,101,9,18,0,30,1,3,2,1,13,3,0,8,0,1,3,2,0,29,0,31,0,46,0,0,0,0,2,7,0,420951,6540,46.000000000000000,2004,SR-611,SR-2016,0000000,40.001602779999999,-75.152936109999999,13,3542
476,72,42,101,9,16,6,19,1,2,1,1,13,3,0,8,0,1,4,1,6,20,6,24,0,0,0,0,0,0,1,5,0,420952,6540,83.000000000000000,2004,SR-611,99999999999999999999,0000000,40.054761110000001,-75.141308330000001,13,20604
477,73,42,101,12,6,9,25,1,2,1,0,13,3,0,8,0,1,1,1,9,24,9,30,9,52,0,0,0,0,1,2,0,420964,6540,21.000000000000000,2004,SR-4019,OGONTZ AV,0000000,40.068641669999998,-75.156788890000001,13,40722
791,74,42,101,5,21,3,3,1,1,0,1,11,1,0,25,0,3,3,1,3,3,3,8,3,31,0,0,0,0,1,6,0,421015,6540,229.000000000000000,2004,I-95,99999999999999999999,0000000,39.967447219999997,-75.132047220000004,11,39893
512,75,42,101,5,20,22,44,2,2,0,1,11,1,0,12,4,1,3,1,22,53,23,7,23,49,0,0,0,0,1,5,0,421016,6540,195.000000000000000,2004,I-95,99999999999999999999,0000000,39.923022220000000,-75.147711110000003,11,39887
792,76,42,101,6,24,18,39,2,5,0,0,16,6,0,12,4,1,1,1,18,40,18,45,19,13,0,0,0,0,1,5,0,421024,6540,0.000000000000000,2004,MORRIS ST,99999999999999999999,0000000,40.021061109999998,-75.167494439999999,16,39641
608,77,42,101,6,26,22,2,1,2,1,0,14,3,0,8,0,1,3,1,22,4,22,8,22,31,0,0,0,0,1,7,0,421025,6540,50.000000000000000,2004,SR-3015,99999999999999999999,0000000,39.979244440000002,-75.246272219999994,14,28831
300,78,42,101,8,22,21,13,1,3,2,0,16,6,0,9,0,1,3,1,21,12,21,17,21,38,0,0,0,0,1,1,1,421052,6540,0.000000000000000,2004,PRINCETON AV,HAWTHORNE ST,0000000,40.038483329999998,-75.051830559999999,16,25974
513,79,42,101,9,6,1,36,1,3,0,0,16,6,0,30,0,6,3,1,99,99,99,99,99,99,0,0,0,0,1,2,1,421067,6540,0.000000000000000,2004,SIXTYFIRST ST,99999999999999999999,0000000,39.918208329999999,-75.209072219999996,16,11802
108,80,42,101,9,1,4,18,2,3,0,0,16,6,0,12,3,1,2,1,4,19,4,24,4,41,0,0,0,0,1,4,1,421069,6540,0.000000000000000,2004,THIRTYTHIRD ST,MOUNT VERNON ST,0000000,39.964816669999998,-75.190266670000000,16,1167
8,81,42,101,10,3,16,40,2,2,0,0,16,6,0,12,5,1,1,1,16,46,16,50,17,11,0,0,0,0,1,1,0,421085,6540,0.000000000000000,2004,PARRISH ST,UNION ST,0000000,39.968586109999997,-75.202174999999997,16,37459
199,82,42,101,11,17,19,50,2,3,0,0,16,6,0,12,5,1,3,1,99,99,99,99,99,99,0,0,0,0,1,4,1,421087,6540,0.000000000000000,2004,RED LION RD,GANTRY RD,0000000,40.112308329999998,-75.047727780000002,16,32045
514,83,42,101,9,5,1,10,1,3,1,1,13,3,0,8,0,1,3,1,99,99,99,99,0,0,0,0,0,0,1,1,2,421132,6540,25.000000000000000,2004,SR-2001,99999999999999999999,0000000,39.923377780000003,-75.143169439999994,13,36819
301,84,42,101,12,1,10,30,3,6,0,1,13,2,0,12,5,1,1,2,99,99,99,99,99,99,0,0,0,0,1,4,0,421135,6540,109.000000000000000,2004,US-1,DEVEREAUX AV,0000000,40.033883330000002,-75.074319439999996,13,27985
793,85,42,101,6,29,19,27,1,6,1,0,16,6,0,8,0,1,5,1,99,99,99,99,99,99,0,0,0,0,1,3,0,421026,6540,0.000000000000000,2004,YORK ST,99999999999999999999,0000000,39.991747220000001,-75.173580560000005,16,5385
109,86,42,101,10,29,99,99,1,1,0,0,16,6,0,33,0,2,1,2,99,99,99,99,99,99,0,0,0,0,1,6,0,421048,6540,0.000000000000000,2004,THIRTYFOURTH ST,SCHYULKILL EXPRESSWA,0000000,39.941861109999998,-75.197341670000000,16,39801
794,87,42,101,10,23,20,0,1,1,0,1,13,3,0,33,0,6,3,1,99,99,99,99,99,99,0,0,0,0,1,7,1,421079,6540,37.000000000000000,2004,SR-0611,YORK ST,0000000,39.989397220000001,-75.155561109999994,13,5743
200,88,42,101,10,9,0,30,2,3,0,0,13,3,0,12,8,1,3,1,0,31,0,38,1,3,0,0,0,0,1,7,1,421091,6540,43.000000000000000,2004,SR-532,SR-1020,0000000,40.131702779999998,-75.012230560000006,13,32006
302,89,42,101,11,26,3,8,1,1,0,0,14,3,0,19,0,4,3,1,99,99,99,99,99,99,0,0,0,0,1,6,1,421093,6540,25.000000000000000,2004,SR-1007,99999999999999999999,0000000,40.027686109999998,-75.028266669999994,14,37057
303,90,42,101,10,23,10,10,1,2,1,0,13,3,0,8,0,1,1,1,99,99,99,99,99,99,0,0,0,0,1,7,1,421126,6540,50.000000000000000,2004,SR-6001,99999999999999999999,0000000,40.042466670000003,-75.057022219999993,13,31276
304,91,42,101,9,10,18,5,1,3,1,0,16,5,0,8,0,1,1,1,99,99,99,99,99,99,0,0,0,0,1,6,0,421128,6540,0.000000000000000,2004,CRAIG ST,99999999999999999999,0000000,40.042016670000002,-75.029702779999994,16,26790
305,92,42,101,12,13,13,39,1,1,0,0,16,6,0,30,0,4,1,1,13,39,13,42,0,0,0,0,0,0,1,2,1,421201,6540,0.000000000000000,2004,RHAWN ST,99999999999999999999,0000000,40.051747220000003,-75.037619440000000,16,16072
110,93,42,101,8,19,2,0,2,5,0,1,13,3,0,12,5,1,3,1,99,99,99,99,99,99,0,0,0,0,1,5,0,421213,6540,47.000000000000000,2004,SR-2001,SUMMER ST,0000000,39.954208330000000,-75.139552780000002,13,20442
201,94,42,101,8,10,9,32,1,2,1,0,13,3,0,8,0,1,1,1,9,31,9,34,9,56,0,0,0,0,1,3,0,421248,6540,8.000000000000000,2004,SR-0532,SR-1018,0000000,40.085497220000001,-75.037355559999995,13,23492
306,95,42,101,11,23,17,24,1,2,1,0,13,3,0,8,0,1,5,1,17,24,17,29,0,0,0,0,0,0,1,3,0,421226,6540,47.000000000000000,2004,SR-2007,MARGARET ST,0000000,40.016777779999998,-75.083630560000003,13,8500
307,96,42,101,11,25,18,44,1,2,1,1,13,3,0,8,0,1,3,1,18,44,18,47,0,0,0,0,0,0,1,5,1,421237,6540,51.000000000000000,2004,SR-2009,COMLY ST,0000000,40.022147220000001,-75.063236110000005,13,36322
515,97,42,101,8,16,21,30,1,2,1,0,13,3,0,9,0,1,3,1,99,99,99,99,99,99,0,0,0,0,1,2,1,421270,6540,42.000000000000000,2004,SR-0291,99999999999999999999,0000000,39.905622219999998,-75.173558330000006,13,35825
676,98,42,101,9,27,8,20,1,10,0,0,16,6,0,14,0,7,1,1,99,99,99,99,99,99,0,0,0,0,1,2,0,421273,6540,0.000000000000000,2004,WHITAKER AV,99999999999999999999,0000000,40.034197220000003,-75.100336110000001,16,30789
516,99,42,101,11,9,13,42,2,2,0,0,13,3,0,12,5,1,1,1,13,42,13,47,99,99,0,0,0,0,1,3,0,421277,6540,10.000000000000000,2004,SR-3013,LINDBERGH AV,0000000,39.904155560000000,-75.240475000000004,13,10545
308,100,42,101,11,21,3,48,1,2,1,0,14,3,0,14,0,2,3,1,3,48,3,53,4,15,0,0,0,0,1,1,2,421280,6540,53.000000000000000,2004,SR-1007,99999999999999999999,0000000,40.051602780000003,-74.985050000000001,14,15865
202,101,42,101,12,22,21,37,1,4,1,0,16,6,0,8,0,4,3,1,21,36,21,41,22,3,0,0,0,0,2,4,1,421293,6540,0.000000000000000,2004,COMLY RD,NESTOR RD,0000000,40.103313890000003,-74.999797220000005,16,16268
795,102,42,101,8,20,2,20,1,1,0,0,13,3,0,42,0,6,3,1,99,99,99,99,99,99,0,0,0,0,1,6,1,421296,6540,6.000000000000000,2004,SR-6001,99999999999999999999,0000000,40.023908329999998,-75.132808330000003,13,37567
478,103,42,101,12,23,20,0,1,3,1,0,13,3,0,8,0,1,3,2,20,1,20,7,20,18,0,0,0,0,1,5,0,421339,6540,42.000000000000000,2004,SR-4002,99999999999999999999,0000000,40.050408330000003,-75.147958329999994,13,21223
309,104,42,101,12,22,15,27,1,1,0,0,14,3,0,30,0,4,1,1,15,29,15,36,16,6,0,0,0,0,1,4,0,421340,6540,93.000000000000000,2004,SR-2001,CROYDEN ST,0000000,39.995738889999998,-75.076636109999995,14,8140