_uid_,id,state,county,month,day,hour,minute,ve_forms,persons,peds,nhs,road_fnc,route,sp_jur,harm_ev,man_coll,rel_road,lgt_cond,weather,not_hour,not_min,arr_hour,arr_min,hosp_hr,hosp_mn,sch_bus,cf1,cf2,cf3,fatals,day_week,drunk_dr,st_case,city,milept,year,tway_id,tway_id2,rail,latitude,longitud,road_fnc_1,streetid
369,414,42,101,11,13,8,58,1,1,0,1,13,2,0,24,0,2,1,2,99,99,99,99,99,99,0,0,0,0,1,3,0,421200,6540,101.000000000000000,2007,US-1,PRATT ST,0000000,40.028952779999997,-75.089563889999994,13,30460
487,415,42,91,12,2,20,18,1,1,0,0,13,3,0,25,0,3,3,2,99,99,99,99,99,99,0,0,0,0,1,1,1,421253,0,1.000000000000000,2007,SR-1002,12TH ST,0000000,40.060899999999997,-75.135205560000003,13,35244
641,416,42,101,11,29,14,10,1,2,1,0,16,6,0,8,0,1,1,1,99,99,99,99,99,99,0,0,0,0,1,5,1,421267,6540,0.000000000000000,2007,CHESTER AV,99999999999999999999,0000000,39.934919440000002,-75.229699999999994,16,10913
856,417,42,101,9,6,0,16,2,3,0,0,16,6,0,12,5,1,3,1,99,99,99,99,99,99,0,20,0,0,1,5,1,421281,6540,0.000000000000000,2007,SUSQUEHANNA AV,EIGHTEENTH ST,0000000,39.987111110000001,-75.162633330000006,16,4041
232,418,42,101,12,8,3,50,1,1,0,0,16,6,0,33,0,4,3,2,99,99,99,99,99,99,0,0,0,0,1,7,0,421282,6540,0.000000000000000,2007,RED LION RD,99999999999999999999,0000000,40.106977780000001,-75.038338890000006,16,32172
710,419,42,101,12,4,99,99,1,1,0,0,14,3,0,30,0,6,3,1,99,99,99,99,99,99,0,0,0,0,1,3,1,421295,6540,79.000000000000000,2007,SR-2001,WESTMORELAND ST,0000000,39.984247220000000,-75.099024999999997,14,36916
857,420,42,101,12,5,17,5,1,2,1,0,14,3,0,8,0,1,3,4,99,99,99,99,99,99,0,0,0,0,1,4,0,421324,6540,7.000000000000000,2007,SR-2007,99999999999999999999,0000000,39.974297219999997,-75.133272219999995,14,21060
370,421,42,101,12,30,3,24,1,2,0,1,13,3,0,42,0,4,3,1,99,99,99,99,99,99,0,0,0,0,2,1,0,421326,6540,32.000000000000000,2007,SR-6001,99999999999999999999,0000000,40.029488890000003,-75.088319440000006,13,30468
38,422,42,101,12,24,14,15,4,7,0,0,16,6,0,13,2,1,1,1,99,99,99,99,99,99,0,0,0,0,1,2,1,421335,6540,0.000000000000000,2007,LINCOLN DR,99999999999999999999,0000000,40.018247219999999,-75.201836110000002,16,32956
371,423,42,101,12,2,12,1,3,4,0,0,13,3,0,12,4,1,1,3,99,99,99,99,99,99,0,0,0,0,1,1,0,421358,6540,9.000000000000000,2007,SR-1013,SR-1016,0000000,40.057786110000002,-75.008716669999998,13,16810
142,424,42,101,11,22,22,40,4,9,0,0,16,6,0,12,1,1,3,1,99,99,99,99,99,99,0,0,0,0,2,5,0,421315,6540,0.000000000000000,2007,BENJAMIN FRANKLIN BR,99999999999999999999,0000000,39.953552780000003,-75.138269440000002,16,36879
858,425,42,101,12,13,2,43,1,3,0,1,13,3,0,33,0,4,3,1,99,99,99,99,99,99,0,0,0,0,1,5,2,421327,6540,27.000000000000000,2007,SR-611,99999999999999999999,0000000,39.974372219999999,-75.158802780000002,13,179
372,426,42,101,1,25,17,43,1,2,1,0,14,3,0,8,0,1,3,1,99,99,99,99,99,99,0,0,0,0,1,6,0,420039,6540,47.000000000000000,2008,SR-1005,VAN KIRK ST,0000000,40.033200000000001,-75.083399999999997,14,27101
233,427,42,101,1,4,20,25,1,3,1,0,14,3,0,8,0,1,3,1,99,99,99,99,99,99,0,0,0,0,1,6,0,420041,6540,15.000000000000000,2008,SR-1015,99999999999999999999,0000000,40.084499999999998,-74.973799999999997,14,15918
545,428,42,101,1,27,15,49,1,2,1,1,13,3,0,8,0,1,1,1,99,99,99,99,99,99,0,0,0,0,1,1,0,420042,6540,66.000000000000000,2008,SR-291,SR-2002,0000000,39.924399999999999,-75.169700000000006,13,14075
143,429,42,101,1,21,11,47,1,2,1,0,13,3,0,8,0,1,1,1,99,99,99,99,99,99,0,0,0,0,1,2,0,420054,6540,23.000000000000000,2008,SR-2006,99999999999999999999,0000000,39.960400000000000,-75.139099999999999,13,24108
373,430,42,101,1,23,10,25,1,2,0,0,13,3,0,33,0,4,1,1,99,99,99,99,99,99,0,0,0,0,1,4,0,420058,6540,8.000000000000000,2008,SR-1024,KEYSTONE AV,0000000,40.017899999999997,-75.051500000000004,13,27736
859,431,42,101,1,12,23,14,2,8,0,0,16,6,0,12,5,1,3,1,99,99,99,99,99,99,0,0,0,0,3,7,0,420075,6540,0.000000000000000,2008,AMERICAN ST,CECILE B. MOORE,0000000,39.976300000000002,-75.139300000000006,16,19106
546,432,42,101,2,18,10,25,2,3,0,0,16,6,0,12,5,1,1,1,10,31,10,35,11,30,0,0,0,0,1,2,0,420121,6540,0.000000000000000,2008,LINDBERGH BL,72ND ST,0000000,39.908900000000003,-75.232900000000001,16,9813
711,433,42,101,2,17,8,54,3,5,0,0,14,3,0,12,4,1,1,1,8,54,9,4,9,12,0,0,0,0,1,1,0,420122,6540,20.000000000000000,2008,SR-2007,CAMBRIA ST,0000000,39.989800000000002,-75.117699999999999,14,15161
488,434,42,101,1,13,6,10,2,2,0,0,14,3,0,12,5,1,4,1,99,99,99,99,99,99,0,0,0,0,1,1,0,420066,6540,16.000000000000000,2008,SR-4017,WOOLSTON AV,0000000,40.067500000000003,-75.165700000000001,14,20525
144,435,42,101,1,12,0,29,2,2,0,0,16,6,0,14,3,7,3,1,99,99,99,99,99,99,0,0,0,0,1,7,0,420112,6540,0.000000000000000,2008,SPRUCE ST,99999999999999999999,0000000,39.952599999999997,-75.209999999999994,16,10122
145,436,42,101,2,18,1,56,2,5,2,1,11,1,0,12,1,1,2,2,1,57,2,5,0,0,0,0,0,0,2,2,1,420130,6540,8.000000000000000,2008,I-0676,99999999999999999999,0000000,39.958300000000001,-75.166700000000006,11,1411
39,437,42,101,3,19,19,40,1,2,1,0,16,6,0,8,0,1,3,2,19,38,19,45,20,10,0,0,0,0,1,4,0,420230,6540,0.000000000000000,2008,FOX ST,99999999999999999999,0000000,40.014200000000002,-75.177899999999994,16,32733
860,438,42,101,3,30,1,37,1,2,1,0,13,2,0,8,0,1,3,1,1,25,1,31,1,47,0,0,0,0,1,1,1,420235,6540,75.000000000000000,2008,US-13,99999999999999999999,0000000,40.016500000000001,-75.152600000000007,13,25397
547,439,42,101,3,11,22,22,1,2,1,0,13,3,0,8,0,1,3,1,22,20,22,24,22,43,0,0,0,0,1,3,0,420239,6540,13.000000000000000,2008,SR-291,99999999999999999999,0000000,39.890799999999999,-75.243899999999996,13,35101
548,440,42,101,2,16,4,39,1,1,0,1,11,3,0,24,0,2,3,1,99,99,99,99,99,99,0,0,0,0,1,7,0,420240,6540,8.000000000000000,2008,SR-8049 RAMP,99999999999999999999,0000000,39.891800000000003,-75.235900000000001,11,39632
712,441,42,101,4,3,0,4,1,1,0,0,16,6,0,43,0,2,3,1,0,4,0,10,0,45,0,0,0,0,1,5,0,420322,6540,0.000000000000000,2008,KENSINGTON AV,99999999999999999999,0000000,39.992800000000003,-75.120000000000005,16,14761
40,442,42,101,4,17,22,30,2,2,0,1,13,2,0,12,4,1,3,1,99,99,99,99,99,99,0,0,0,0,1,5,1,420323,6540,32.000000000000000,2008,US-30,SR-8008,0000000,39.974699999999999,-75.199100000000001,13,33638
374,443,42,101,4,13,3,5,1,1,0,1,13,2,0,33,0,4,3,1,99,99,99,99,99,99,0,0,0,0,1,1,1,420335,6540,134.000000000000000,2008,US-1,99999999999999999999,0000000,40.057400000000001,-75.046199999999999,13,18083
146,444,42,101,2,22,18,26,1,2,1,1,13,3,0,8,0,1,3,2,99,99,99,99,99,99,0,0,0,0,1,6,0,420340,6540,4.000000000000000,2008,SR-2004,9TH ST,0000000,39.951400000000000,-75.155199999999994,13,19891
375,445,42,101,4,24,9,22,1,2,1,0,16,6,0,8,0,1,1,1,99,99,99,99,99,99,0,0,0,0,1,5,0,420353,6540,0.000000000000000,2008,BUSTLETON AV,CHELTENHAM AV,0000000,40.027099999999997,-75.075599999999994,16,27186
713,446,42,101,4,23,23,45,1,1,0,1,13,2,0,33,0,4,3,1,99,99,99,99,99,99,0,0,0,0,1,4,0,420354,6540,93.000000000000000,2008,US-1,99999999999999999999,0000000,40.029899999999998,-75.102800000000002,13,30651
861,447,42,101,4,10,11,30,1,3,1,0,13,3,0,8,0,1,1,1,99,99,99,99,99,99,0,0,0,0,1,5,0,420356,6540,29.000000000000000,2008,SR-2008,FRONT ST,0000000,39.968899999999998,-75.136200000000002,13,19702
376,448,42,101,4,24,99,99,1,1,0,0,16,6,0,30,0,6,1,1,99,99,99,99,99,99,0,0,0,0,1,5,0,420357,6540,0.000000000000000,2008,TYSON AV,99999999999999999999,0000000,40.056100000000001,-75.086799999999997,16,30602
642,449,42,101,5,5,20,12,2,3,1,1,13,2,0,8,0,1,5,1,20,12,20,16,20,29,0,0,0,0,1,2,0,420392,6540,8.000000000000000,2008,US-13,99999999999999999999,0000000,39.947499999999998,-75.232900000000001,13,12350
147,450,42,101,5,5,0,5,1,2,1,1,13,3,0,9,0,1,3,1,0,5,0,7,0,19,0,0,0,0,1,2,0,420458,6540,22.000000000000000,2008,SR-3,43RD ST,0000000,39.956400000000002,-75.208399999999997,13,28806
148,451,42,101,5,28,23,20,1,1,0,0,13,3,0,1,0,1,3,1,23,20,23,25,23,27,0,0,0,0,1,4,0,420507,6540,18.000000000000000,2008,SR-2006,99999999999999999999,0000000,39.961399999999998,-75.148700000000005,13,35680
549,452,42,101,5,7,13,3,1,1,0,0,13,3,0,19,0,4,1,1,13,20,13,26,13,44,0,0,0,0,1,4,0,420509,6540,35.000000000000000,2008,SR-3019,99999999999999999999,0000000,39.921399999999998,-75.192099999999996,13,6240
862,453,42,101,5,4,22,9,2,2,0,0,13,3,0,12,5,1,2,9,99,99,99,99,99,99,0,0,0,0,1,1,1,420437,0,28.000000000000000,2008,SR-2008,2ND ST,0000000,39.969499999999996,-75.139499999999998,13,19414
377,454,42,101,3,28,23,8,1,2,1,0,14,3,0,8,0,1,3,1,23,9,23,13,23,20,0,0,0,0,1,6,0,420478,6540,29.000000000000000,2008,SR-1014,99999999999999999999,0000000,40.052999999999997,-75.040000000000006,14,16072
863,455,42,101,4,27,0,15,6,9,0,1,13,3,0,12,1,1,3,1,99,99,99,99,99,99,0,0,0,0,1,1,0,420498,6540,69.000000000000000,2008,SR-611,SOMERVILLE AV,0000000,40.035200000000003,-75.145499999999998,13,28562
643,456,42,101,6,5,3,25,1,3,0,0,14,3,0,42,0,4,3,2,3,30,3,34,3,47,0,0,0,0,1,5,1,420536,6540,18.000000000000000,2008,SR-3015,99999999999999999999,0000000,39.937500000000000,-75.233900000000006,14,10922
234,457,42,101,6,29,10,47,1,1,0,1,13,3,0,42,0,3,1,1,10,46,10,49,0,0,0,0,0,0,1,1,1,420567,6540,81.000000000000000,2008,SR-6001,99999999999999999999,0000000,40.080900000000000,-75.029100000000000,13,23008
149,458,42,101,6,7,0,13,1,2,1,1,13,3,0,8,0,1,3,1,0,8,0,13,0,0,0,0,0,0,1,7,1,420569,6540,54.000000000000000,2008,SR-2001,99999999999999999999,0000000,39.963299999999997,-75.135800000000003,13,20341
864,459,42,101,6,10,17,20,1,1,0,0,16,6,0,33,0,4,1,1,17,16,17,21,17,39,0,0,0,0,1,3,0,420570,6540,0.000000000000000,2008,PALETHORPE ST,99999999999999999999,0000000,39.989199999999997,-75.134799999999998,16,10251
235,460,42,101,6,13,16,25,2,2,0,1,13,3,0,12,5,1,1,1,16,28,16,29,17,7,0,0,0,0,1,6,1,420583,6540,33.000000000000000,2008,SR-0532,HENDRIX ST,0000000,40.118800000000000,-75.018000000000001,13,22221
865,461,42,101,6,15,19,8,2,3,0,0,14,3,0,12,4,1,1,1,19,0,19,11,19,31,0,0,0,0,1,1,0,420587,6540,12.000000000000000,2008,SR-4009,PULASKI AV,0000000,40.020400000000002,-75.162800000000004,14,25614
714,462,42,101,6,20,9,17,1,2,1,0,16,6,0,8,0,1,1,1,9,18,9,29,9,51,0,0,0,0,1,6,0,420542,6540,0.000000000000000,2008,AMBER ST,CLEARFIELD ST,0000000,39.991000000000000,-75.112099999999998,16,15274
489,463,42,101,6,9,1,30,2,2,0,0,16,6,0,12,5,1,3,1,1,31,1,38,2,9,0,0,0,0,1,2,1,420559,6540,0.000000000000000,2008,LEVICK ST,OAKLEY ST,0000000,40.050500000000000,-75.097200000000001,16,29983
866,464,42,101,6,10,16,32,1,1,0,0,16,6,0,14,3,7,1,1,16,5,16,10,16,21,0,0,0,0,1,3,1,420560,6540,0.000000000000000,2008,SIXTH ST,99999999999999999999,0000000,40.010100000000001,-75.138400000000004,16,14285
715,465,42,101,7,26,13,0,2,2,0,0,13,3,0,12,5,1,1,1,13,9,13,14,0,0,0,0,0,0,1,7,0,420645,6540,4.000000000000000,2008,SR-1001,99999999999999999999,0000000,40.030700000000003,-75.117999999999995,13,30879
550,466,42,101,7,29,20,11,2,2,0,0,13,3,0,12,5,1,3,1,20,11,20,17,0,0,0,0,0,0,1,3,0,420682,0,3.000000000000000,2008,SR-3019,99999999999999999999,0000000,39.898099999999999,-75.226299999999995,13,9799
644,467,42,101,7,25,11,23,1,4,1,1,13,2,0,8,0,1,1,1,11,22,11,36,12,0,0,0,0,0,1,6,0,420694,6540,23.000000000000000,2008,US-1,99999999999999999999,0000000,39.999000000000002,-75.231200000000001,13,32928
645,468,42,101,6,3,10,44,3,7,0,0,14,3,0,12,2,1,1,1,10,43,10,48,11,14,0,0,0,0,2,3,0,420699,6540,18.000000000000000,2008,SR-3015,99999999999999999999,0000000,39.938600000000001,-75.234499999999997,14,10923
716,469,42,101,6,30,9,24,2,2,1,1,11,1,0,12,1,1,1,1,9,25,9,40,0,0,0,0,0,0,1,2,0,420711,6540,237.000000000000000,2008,I-95,99999999999999999999,0000000,39.975400000000000,-75.116699999999994,11,39966
551,470,42,101,7,10,18,10,1,3,2,1,13,3,0,8,0,1,1,1,18,4,18,13,18,32,0,0,0,0,1,5,0,420690,6540,8.000000000000000,2008,SR-611,CURTAIN ST,0000000,39.910600000000002,-75.173000000000002,13,18552
867,471,42,101,7,2,19,30,2,7,1,0,16,6,0,12,4,1,1,1,19,28,19,34,19,49,0,0,0,0,1,4,0,420722,6540,0.000000000000000,2008,5TH ST,CLEARFIELD ST,0000000,39.998199999999997,-75.138900000000007,16,15549
378,472,42,101,7,28,20,56,1,2,1,1,13,3,0,9,0,1,3,1,20,57,21,1,21,20,0,0,0,0,1,2,0,420889,6540,51.000000000000000,2008,SR-2009,99999999999999999999,0000000,40.024099999999997,-75.063000000000002,13,23326
868,473,42,101,8,4,1,5,2,2,0,1,13,3,0,12,5,1,3,1,1,5,1,10,1,37,0,0,0,0,1,2,0,420893,6540,48.000000000000000,2008,SR-611,ONTARIO ST,0000000,40.004700000000000,-75.152199999999993,13,31797
150,474,42,101,6,23,11,54,1,2,1,1,13,3,0,8,0,1,1,1,99,99,99,99,99,99,0,22,0,0,1,2,0,420789,6540,39.000000000000000,2008,SR-3010,20TH ST,0000000,39.953600000000002,-75.173199999999994,13,395
379,475,42,101,7,11,9,53,5,6,0,1,11,1,0,12,3,1,1,1,9,56,10,8,10,23,0,14,0,0,1,6,0,420802,6540,270.000000000000000,2008,I-0095,99999999999999999999,0000000,40.007800000000003,-75.071899999999999,11,34930
552,476,42,101,8,14,13,57,3,4,0,1,11,1,0,60,0,1,1,1,14,3,14,9,14,23,0,14,0,0,1,5,0,420803,6540,180.000000000000000,2008,I-0095,99999999999999999999,0000000,39.901899999999998,-75.151700000000005,11,34925
236,477,42,101,8,14,11,45,2,2,0,0,16,6,0,12,1,1,1,1,11,48,11,51,12,19,0,0,0,0,1,5,0,420815,6540,0.000000000000000,2008,BYBERRY RD,LEWIS ST,0000000,40.122900000000001,-75.014300000000006,16,22356
380,478,42,101,8,23,9,15,2,5,0,0,13,3,0,12,4,1,1,1,9,4,9,12,9,42,0,0,0,0,1,7,0,420817,6540,1.000000000000000,2008,SR-1008,SR-1024,0000000,40.018900000000002,-75.049499999999995,13,26900
553,479,42,101,8,8,15,45,2,3,0,0,14,3,0,12,4,1,1,1,15,32,15,36,15,53,0,0,0,0,1,6,1,420820,6540,17.000000000000000,2008,SR-3021,57TH ST,0000000,39.930000000000000,-75.219200000000001,14,32176
381,480,42,101,7,8,3,10,1,1,0,0,16,6,0,14,7,7,3,1,3,3,3,8,0,0,0,0,0,0,1,3,1,420864,6540,0.000000000000000,2008,ANNAPOLIS RD,99999999999999999999,0000000,40.061500000000002,-75.012600000000006,16,16840
554,481,42,101,7,24,22,55,4,5,0,0,13,3,0,12,2,1,3,1,22,56,23,0,23,27,0,0,0,0,1,5,0,420865,6540,13.000000000000000,2008,SR-3013,SR-3021,0000000,39.912999999999997,-75.243300000000005,13,36059
382,482,42,101,8,4,21,43,1,2,1,0,16,6,0,8,0,1,2,1,99,99,99,99,99,99,0,0,0,0,1,2,0,420897,6540,0.000000000000000,2008,FULLER ST,99999999999999999999,0000000,40.061900000000001,-75.054599999999994,16,23128
869,483,42,101,8,3,1,50,1,2,1,1,13,2,0,9,0,1,3,1,1,50,1,59,0,0,0,0,0,0,1,1,1,420898,6540,73.000000000000000,2008,US-1,7TH ST,0000000,40.022700000000000,-75.136799999999994,13,3302
717,484,42,101,8,31,19,47,1,2,1,0,16,6,0,8,0,1,3,1,19,51,19,55,20,13,0,0,0,0,1,1,0,420900,6540,0.000000000000000,2008,B ST,99999999999999999999,0000000,40.032299999999999,-75.118099999999998,16,30591
870,485,42,101,8,24,1,48,1,3,2,0,16,6,0,8,0,1,2,9,1,52,1,55,2,5,0,0,0,0,1,1,1,420901,6540,0.000000000000000,2008,WINDRIM AV,LINDLEY AV,0000000,40.030299999999997,-75.145499999999998,16,28558
490,486,42,101,10,7,6,30,1,2,1,0,14,3,0,8,0,1,1,1,6,36,6,43,6,56,0,0,0,0,1,3,0,420987,6540,54.000000000000000,2008,SR-4002,4TH ST,0000000,40.045400000000001,-75.126599999999996,14,29692
151,487,42,101,10,12,16,46,1,1,0,1,11,1,0,25,0,2,1,1,16,45,16,52,17,19,0,0,0,0,1,1,0,421004,6540,222.000000000000000,2008,I-0095 RAMP,99999999999999999999,0000000,39.957500000000003,-75.142200000000003,11,24201
555,488,42,101,9,8,16,13,1,2,1,1,13,3,0,8,0,1,1,1,16,14,16,17,16,35,0,0,0,0,1,2,0,420915,6540,61.000000000000000,2008,SR-291,SR-2001,0000000,39.916800000000002,-75.171300000000002,13,13548
383,489,42,101,9,24,1,42,1,1,0,1,13,2,0,46,0,3,3,1,1,40,1,46,0,0,0,0,0,0,1,4,1,420932,6540,135.000000000000000,2008,US-1,99999999999999999999,0000000,40.058999999999997,-75.044600000000003,13,22308
237,490,42,101,9,20,14,12,1,2,1,0,16,6,0,8,0,1,1,1,14,12,14,19,14,39,0,0,0,0,1,7,0,420933,6540,0.000000000000000,2008,OLD BUSTLETON AV,99999999999999999999,0000000,40.080700000000000,-75.039599999999993,16,23473
491,491,42,101,8,11,21,40,2,3,0,0,13,3,0,12,4,1,3,1,99,99,99,99,99,99,0,0,0,0,1,2,1,420946,6540,12.000000000000000,2008,SR-4019,WASHINGTON LN,0000000,40.057899999999997,-75.165800000000004,13,38860
871,492,42,101,9,26,9,7,1,1,0,1,13,3,0,42,0,5,1,2,9,5,9,8,9,28,0,0,0,0,1,6,0,420962,6540,68.000000000000000,2008,SR-611,99999999999999999999,0000000,40.031999999999996,-75.146299999999997,13,22014
384,493,42,101,10,26,10,40,1,2,1,0,15,3,0,8,0,1,1,1,10,43,10,49,11,12,0,0,0,0,1,1,0,421066,6540,69.000000000000000,2008,SR-1004,DISSTON ST,0000000,40.026499999999999,-75.042199999999994,15,27442
718,494,42,101,10,28,7,15,1,1,0,0,13,3,0,14,1,2,1,2,7,16,7,20,7,59,0,0,0,0,1,3,0,421041,6540,28.000000000000000,2008,SR-1004,99999999999999999999,0000000,40.005699999999997,-75.111800000000002,13,7815
385,495,42,101,10,26,21,39,2,2,0,1,11,1,0,12,7,1,3,1,21,41,21,52,0,0,0,0,0,0,1,1,0,421054,6540,299.000000000000000,2008,I-95,99999999999999999999,0000000,40.026800000000001,-75.025700000000001,11,39971
152,496,42,101,10,18,2,15,2,3,0,0,13,3,0,12,5,1,3,1,2,15,2,22,2,40,0,0,0,0,1,7,1,421059,6540,3.000000000000000,2008,SR-3008,11TH ST,0000000,39.950200000000002,-75.158600000000007,13,20098
719,497,42,101,10,24,23,29,2,3,0,0,14,3,0,12,5,1,3,1,23,29,23,39,0,0,0,0,0,0,1,6,0,421060,6540,13.000000000000000,2008,SR-1003,MACALESTER ST,0000000,40.015799999999999,-75.117400000000004,14,32223
386,498,42,101,10,15,10,39,2,3,0,0,13,3,0,12,9,1,1,1,10,39,10,45,11,2,0,0,0,0,1,4,0,421073,6540,51.000000000000000,2008,SR-2007,DYRE ST,0000000,40.021400000000000,-75.079400000000007,13,27074
41,499,42,101,11,1,18,28,1,2,1,0,14,3,0,8,0,1,3,1,18,18,18,23,18,29,0,0,0,0,1,7,0,421139,6540,54.000000000000000,2008,SR-3009,99999999999999999999,0000000,40.028700000000001,-75.210400000000007,14,26219
42,500,42,101,11,24,5,50,1,3,1,1,12,2,0,8,0,1,2,1,5,59,6,8,0,0,0,0,0,0,1,2,0,421161,6540,43.000000000000000,2008,US-0001,99999999999999999999,0000000,40.008600000000001,-75.190600000000003,12,35265
646,501,42,101,9,13,1,45,2,11,0,1,13,3,0,12,5,1,3,2,1,40,1,44,2,7,0,0,0,0,1,7,1,421162,6540,14.000000000000000,2008,SR-3,51 ST,0000000,39.958199999999998,-75.223200000000006,13,29709
556,502,42,101,12,16,1,6,2,2,0,1,11,1,0,12,1,1,3,1,1,14,1,26,1,51,0,19,0,0,1,3,0,421195,6540,155.000000000000000,2008,I-95,99999999999999999999,0000000,39.893799999999999,-75.195700000000002,11,32308
43,503,42,101,12,6,3,1,1,1,0,1,11,1,0,25,0,3,3,1,3,1,3,11,3,39,0,0,0,0,1,7,1,421212,6540,3424.000000000000000,2008,I-76,99999999999999999999,0000000,39.979199999999999,-75.203500000000005,11,31591
557,504,42,101,10,26,3,17,1,2,0,0,13,3,0,31,0,3,3,2,3,17,3,21,0,0,0,0,0,0,1,1,1,421266,6540,11.000000000000000,2008,SR-3013,BUIST AV,0000000,39.911299999999997,-75.242699999999999,13,10625
720,505,42,101,12,23,18,20,1,2,1,0,16,6,0,8,0,1,3,1,18,24,18,28,18,44,0,0,0,0,1,3,0,421290,6540,0.000000000000000,2008,FRONT ST,99999999999999999999,0000000,40.022700000000000,-75.124099999999999,16,4004
721,506,42,101,12,14,19,57,3,4,0,0,16,6,0,12,4,1,3,1,19,56,20,5,20,32,0,0,0,0,1,1,0,421293,6540,0.000000000000000,2008,WYOMING AV,99999999999999999999,0000000,40.020200000000003,-75.113799999999998,16,9412
722,507,42,101,12,24,21,20,1,2,1,0,16,6,0,8,0,1,3,2,21,17,21,24,21,44,0,0,0,0,1,4,0,421302,6540,0.000000000000000,2008,M ST,99999999999999999999,0000000,40.005899999999997,-75.101100000000002,16,7998
872,508,42,101,10,4,14,5,2,2,0,1,13,3,0,12,5,1,1,1,14,6,14,10,0,0,0,0,0,0,1,7,0,421340,6540,56.000000000000000,2008,SR-0611,99999999999999999999,0000000,40.016700000000000,-75.149600000000007,13,25286
873,509,42,101,11,21,23,49,2,7,0,0,14,3,0,12,7,1,2,1,23,50,23,53,0,27,0,0,0,0,1,6,2,421350,6540,3.000000000000000,2008,SR-4003,99999999999999999999,0000000,40.014200000000002,-75.169600000000003,14,27525
723,510,42,101,11,23,2,53,1,4,0,0,16,6,0,21,0,4,3,1,2,53,3,7,3,28,0,0,0,0,1,1,1,421351,6540,0.000000000000000,2008,TIOGA ST,99999999999999999999,0000000,39.994999999999997,-75.101799999999997,16,15676
647,511,42,101,11,16,2,40,1,3,1,0,16,6,0,8,0,1,3,1,2,52,2,59,3,13,0,0,0,0,1,1,1,421352,6540,0.000000000000000,2008,SPRINGFIELD AV,48TH ST,0000000,39.946100000000001,-75.216499999999996,16,12344
387,512,42,101,12,27,3,35,1,2,0,1,11,1,0,24,0,2,3,8,99,99,99,99,99,99,0,0,0,0,1,7,1,421301,6540,289.000000000000000,2008,I-95,99999999999999999999,0000000,40.020600000000002,-75.042699999999996,11,35008
724,513,42,101,11,17,22,33,2,3,0,0,13,3,0,12,5,1,3,1,22,34,22,39,22,51,0,20,0,0,1,2,1,421359,6540,16.000000000000000,2008,SR-2009,SR-2016,0000000,39.988500000000002,-75.106399999999994,13,14788
153,514,42,101,1,1,1,37,2,4,1,1,11,1,0,8,0,1,3,1,1,38,1,44,88,88,0,14,0,0,1,5,0,420044,6540,13.000000000000000,2009,I-676,99999999999999999999,0000000,39.957200000000000,-75.157700000000006,11,32488
874,515,42,101,1,14,21,31,1,1,0,0,14,3,0,25,0,3,3,1,21,32,21,35,22,7,0,0,0,0,1,4,1,420060,6540,1.000000000000000,2009,SR-4007,99999999999999999999,0000000,40.015999999999998,-75.157700000000006,14,27629
238,516,42,101,1,26,4,10,1,1,0,1,13,2,0,42,0,10,3,1,3,47,3,53,4,10,0,0,0,0,1,2,1,420061,6540,75.000000000000000,2009,US-6001,99999999999999999999,0000000,40.070900000000002,-75.037899999999993,13,23105
558,517,42,101,2,14,3,51,2,3,0,1,11,1,0,12,2,1,2,1,3,51,3,57,4,26,0,0,0,0,1,7,1,420088,6540,3465.000000000000000,2009,I-76,99999999999999999999,0000000,39.928400000000003,-75.196500000000000,11,34914