_uid_,id,state,county,month,day,hour,minute,ve_forms,persons,peds,nhs,road_fnc,route,sp_jur,harm_ev,man_coll,rel_road,lgt_cond,weather,not_hour,not_min,arr_hour,arr_min,hosp_hr,hosp_mn,sch_bus,cf1,cf2,cf3,fatals,day_week,drunk_dr,st_case,city,milept,year,tway_id,tway_id2,rail,latitude,longitud,road_fnc_1,streetid
44,518,42,101,2,20,18,0,1,2,1,0,13,3,0,8,0,1,3,1,18,58,19,4,19,33,0,0,0,0,1,6,0,420102,6540,24.000000000000000,2009,SR-3007,99999999999999999999,0000000,39.966600000000000,-75.179500000000004,13,37574
559,519,42,101,2,1,2,38,1,2,0,0,16,6,0,30,0,5,3,1,2,39,2,48,88,88,0,0,0,0,2,1,1,420103,6540,0.000000000000000,2009,CHRISTOPHER COLUM BL,99999999999999999999,0000000,39.909399999999998,-75.138400000000004,16,18265
239,520,42,101,2,13,21,38,1,2,1,1,13,2,0,8,0,1,3,1,21,38,99,97,99,97,0,0,0,0,1,6,0,420105,6540,73.000000000000000,2009,US-6001,WOODWARD ST,0000000,40.071300000000001,-75.038300000000007,13,23101
875,521,42,101,2,27,19,15,1,2,1,0,14,3,0,8,0,1,3,1,19,18,19,23,19,38,0,0,0,0,1,6,0,420107,6540,9.000000000000000,2009,SR-4007,99999999999999999999,0000000,40.024099999999997,-75.165300000000002,14,26771
388,522,42,101,2,19,14,5,1,2,1,1,13,2,0,8,0,1,1,1,14,16,14,21,14,48,0,0,0,0,1,5,0,420123,6540,119.000000000000000,2009,US-1,TYSON AV,0000000,40.040500000000002,-75.058899999999994,13,31282
240,523,42,101,1,15,19,34,3,4,0,0,14,3,0,12,2,4,3,1,19,36,19,40,20,16,0,0,0,0,1,5,0,420062,6540,11.000000000000000,2009,SR-1014,DUNGAN RD,0000000,40.068700000000000,-75.067300000000003,14,36747
45,524,42,101,1,1,5,7,1,1,0,0,16,6,0,42,0,4,3,1,5,7,5,12,5,39,0,0,0,0,1,5,0,420066,6540,0.000000000000000,2009,SEDGLEY DR,POPLAR DR,0000000,39.971699999999998,-75.185800000000000,16,36201
241,525,42,101,2,26,5,40,1,2,0,0,13,3,0,33,0,4,3,1,5,40,5,43,6,19,0,0,0,0,1,5,0,420110,6540,6.000000000000000,2009,SR-1020,99999999999999999999,0000000,40.131200000000000,-75.013700000000000,13,23089
876,526,42,101,2,28,16,58,2,2,0,0,16,6,0,12,5,1,1,1,16,58,17,3,17,16,0,0,0,0,1,7,0,420111,6540,0.000000000000000,2009,DIAMOND ST,25TH ST,0000000,39.987099999999998,-75.174400000000006,16,4968
389,527,42,101,2,26,10,1,2,2,0,1,13,3,0,12,1,1,1,1,10,1,10,7,10,43,0,0,0,0,1,5,0,420113,6540,18.000000000000000,2009,SR-73,SR-1009,0000000,40.047699999999999,-75.059799999999996,13,31240
560,528,42,101,2,26,3,0,1,1,0,0,16,6,0,43,0,4,3,1,3,7,3,13,3,37,0,0,0,0,1,5,1,420136,6540,0.000000000000000,2009,SWANSON ST,99999999999999999999,0000000,39.921199999999999,-75.146199999999993,16,17487
877,529,42,101,3,7,17,0,1,1,0,0,16,6,0,33,0,4,1,1,17,0,17,4,17,25,0,0,0,0,1,7,0,420174,6540,0.000000000000000,2009,GLENWOOD AV,99999999999999999999,0000000,40.004500000000000,-75.132900000000006,16,15400
154,530,42,101,3,22,21,30,2,6,2,0,13,3,0,12,4,1,2,1,21,31,21,36,21,55,0,0,0,0,1,1,0,420183,6540,46.000000000000000,2009,SR-3,16TH ST,0000000,39.949800000000003,-75.167500000000004,13,886
878,531,42,101,4,28,0,0,1,2,0,1,13,3,0,14,1,7,3,1,0,5,0,16,0,26,0,0,0,0,1,3,0,420251,6540,48.000000000000000,2009,SR-611,99999999999999999999,0000000,40.003799999999998,-75.152500000000003,13,31794
879,532,42,101,4,17,16,10,1,2,1,0,13,3,0,15,0,1,1,1,16,7,16,14,88,88,0,0,0,0,1,6,0,420255,6540,22.000000000000000,2009,SR-2008,8TH ST,0000000,39.970500000000001,-75.150000000000006,13,19744
492,533,42,101,3,7,18,26,1,2,1,0,16,6,0,8,0,1,5,1,18,27,18,38,18,50,0,0,0,0,1,7,1,420148,6540,0.000000000000000,2009,OLD YORK RD,66TH AV,0000000,40.053600000000003,-75.141800000000003,16,21418
155,534,42,101,3,16,1,44,1,3,0,0,16,6,0,42,0,5,3,1,1,44,1,55,2,23,0,0,0,0,1,2,1,420161,6540,0.000000000000000,2009,VARE AV,99999999999999999999,0000000,39.933500000000002,-75.199700000000007,16,35354
390,535,42,101,4,5,1,35,1,2,0,0,13,3,0,30,0,5,6,9,1,37,1,41,1,59,0,0,0,0,1,1,1,420182,6540,54.000000000000000,2009,SR-2007,BRILL ST,0000000,40.024000000000001,-75.075699999999998,13,27367
725,536,42,101,4,29,0,37,2,3,0,0,13,3,9,12,5,1,3,1,0,39,0,40,0,56,0,0,0,0,1,4,1,420259,6540,35.000000000000000,2009,SR-1004,SR-1005,0000000,40.005699999999997,-75.099100000000007,13,8367
561,537,42,101,4,6,21,20,1,3,1,0,13,3,0,8,0,1,3,1,21,23,21,32,21,45,0,0,0,0,1,2,0,420261,6540,49.000000000000000,2009,SR-291,99999999999999999999,0000000,39.907699999999998,-75.189800000000005,13,39531
648,538,42,101,4,29,14,30,2,4,0,0,14,3,0,12,5,1,1,1,99,99,99,99,99,99,0,0,0,0,1,4,0,420285,6540,9.000000000000000,2009,SR-3018,68TH ST,0000000,39.972700000000003,-75.254900000000006,14,29637
242,539,42,101,5,12,14,45,2,3,0,0,13,3,0,12,4,1,1,1,14,45,14,49,15,12,0,0,0,0,1,3,0,420346,6540,11.000000000000000,2009,SR-1018,BLUE GRASS RD,0000000,40.078000000000003,-75.023700000000005,13,37294
243,540,42,101,5,22,20,0,2,2,0,0,14,3,0,12,3,1,1,1,19,56,20,2,20,11,0,0,0,0,1,6,1,420349,6540,5.000000000000000,2009,SR-1015,RED LION RD,0000000,40.072000000000003,-74.980999999999995,14,15973
562,541,42,101,4,2,14,4,2,3,0,1,11,1,0,12,1,1,1,1,14,4,14,11,14,25,0,0,0,0,1,5,0,420338,6540,199.000000000000000,2009,I-95,99999999999999999999,0000000,39.927599999999998,-75.146400000000000,11,35004
880,542,42,101,5,5,20,20,1,2,1,0,13,3,0,8,0,1,3,2,20,21,20,27,20,39,0,0,0,0,1,3,1,420369,6540,2.000000000000000,2009,SR-1004,99999999999999999999,0000000,40.010500000000000,-75.160700000000006,13,28101
726,543,42,101,5,25,13,51,1,2,1,1,13,2,0,8,0,1,1,1,13,51,13,54,14,8,0,0,0,0,1,2,0,420371,6540,28.000000000000000,2009,US-1,99999999999999999999,0000000,40.026000000000003,-75.095100000000002,13,30560
156,544,42,101,5,31,3,43,2,2,0,1,13,3,0,12,5,1,3,1,3,46,3,49,4,14,0,0,0,0,1,1,0,420374,6540,53.000000000000000,2009,SR-2001,PENN ST,0000000,39.961700000000000,-75.136600000000001,13,20348
391,545,42,101,5,4,14,42,2,4,0,0,14,3,0,12,5,1,1,2,14,42,14,47,15,9,0,0,0,0,1,2,0,420394,6540,13.000000000000000,2009,SR-1007,FRALEY ST,0000000,40.009599999999999,-75.064200000000000,14,36466
649,546,42,101,5,28,18,0,1,1,0,0,16,6,0,14,7,7,1,1,18,3,18,8,88,88,0,20,0,0,1,5,0,420411,6540,0.000000000000000,2009,UPLAND WY,99999999999999999999,0000000,39.984999999999999,-75.238000000000000,16,4225
46,547,42,101,6,3,20,9,3,3,0,0,16,6,0,12,5,1,1,1,20,10,20,13,20,33,0,0,0,0,1,4,0,420458,6540,0.000000000000000,2009,PARRISH ST,46TH ST,0000000,39.967700000000001,-75.213700000000003,16,33513
563,548,42,101,6,19,18,10,3,4,0,0,13,3,0,12,2,1,1,1,18,12,18,19,18,51,0,0,0,0,3,6,1,420478,6540,4.000000000000000,2009,SR-3019,99999999999999999999,0000000,39.895600000000002,-75.228600000000000,13,9799
392,549,42,101,6,14,23,45,1,2,1,0,14,3,0,8,0,1,3,1,23,46,23,52,0,10,0,0,0,0,1,1,0,420492,6540,21.000000000000000,2009,SR-1014,HORROCKS ST,0000000,40.059699999999999,-75.052400000000006,14,30907
881,550,42,101,6,21,17,58,1,1,0,0,16,6,0,14,1,7,1,1,99,99,99,99,99,99,0,0,0,0,1,1,1,420509,6540,0.000000000000000,2009,NORRIS ST,99999999999999999999,0000000,39.981200000000001,-75.141800000000003,16,21642
393,551,42,101,4,1,16,4,1,1,0,0,13,3,0,30,0,5,1,2,99,99,99,99,99,99,0,0,0,0,1,4,0,420455,6540,0.000000000000000,2009,SR-1012,99999999999999999999,0000000,40.025599999999997,-75.031599999999997,13,26987
727,552,42,101,6,3,0,1,1,2,1,1,13,2,0,8,0,1,3,1,0,1,0,3,88,88,0,0,0,0,1,4,0,420516,6540,13.000000000000000,2009,US-1,99999999999999999999,0000000,40.025500000000001,-75.122200000000007,13,3092
47,553,42,101,6,22,22,33,1,2,1,0,13,3,0,8,0,1,3,1,99,99,99,99,99,99,0,0,0,0,1,2,0,420518,6540,22.000000000000000,2009,SR-3007,99999999999999999999,0000000,39.975600000000000,-75.191900000000004,13,37575
882,554,42,101,6,21,18,18,1,2,0,0,16,6,0,5,0,1,1,1,99,99,99,99,99,99,0,0,0,0,1,1,1,420519,6540,0.000000000000000,2009,STILLMAN ST,99999999999999999999,0000000,40.001399999999997,-75.171899999999994,16,3249
394,555,42,101,6,29,16,0,1,2,1,1,13,3,0,8,0,1,1,1,16,4,16,8,16,28,0,0,0,0,1,2,0,420520,6540,34.000000000000000,2009,SR-73,COTTAGE ST,0000000,40.033299999999997,-75.037800000000004,13,22562
395,556,42,101,6,30,18,10,1,2,1,0,16,6,0,8,0,1,1,1,18,10,18,15,18,32,0,0,0,0,1,3,0,420521,6540,0.000000000000000,2009,UNRUH ST,99999999999999999999,0000000,40.034999999999997,-75.059200000000004,16,26259
883,557,42,101,6,10,19,36,1,5,4,0,16,6,0,33,0,4,1,1,19,36,19,41,20,10,0,0,0,0,4,4,0,420522,6540,0.000000000000000,2009,3RD ST,ANNSBURY ST,0000000,40.020000000000003,-75.131200000000007,16,3407
244,558,42,101,7,14,2,18,2,2,0,0,14,3,0,12,7,1,3,1,2,18,2,22,2,43,0,0,0,0,1,3,1,420618,6540,46.000000000000000,2009,SR-1013,TORREY RD,0000000,40.096400000000003,-74.971000000000004,14,15969
48,559,42,101,7,10,16,0,1,1,0,0,16,6,0,33,0,4,1,1,15,58,16,3,88,88,0,0,0,0,1,6,1,420619,6540,0.000000000000000,2009,SEDGLEY AVE,30TH ST,0000000,39.984499999999997,-75.183000000000007,16,5581
396,560,42,101,7,26,20,40,1,2,1,1,13,2,0,8,0,1,3,1,20,41,20,48,21,26,0,0,0,0,1,1,0,420625,6540,30.000000000000000,2009,US-1,99999999999999999999,0000000,40.029200000000003,-75.090100000000007,13,30459
397,561,42,101,7,27,23,7,1,2,1,1,13,3,0,8,0,1,3,1,23,7,23,12,23,35,0,0,0,0,1,2,0,420626,6540,45.000000000000000,2009,SR-73,99999999999999999999,0000000,40.019300000000001,-75.044700000000006,13,32092
884,562,42,101,7,15,21,42,1,2,1,0,13,3,0,8,0,1,3,1,21,42,21,47,22,8,0,0,0,0,1,4,0,420627,6540,33.000000000000000,2009,SR-4004,10TH ST,0000000,40.037599999999998,-75.138000000000005,13,40506
49,563,42,101,7,25,22,40,1,3,2,0,13,3,0,8,0,1,3,2,99,99,99,99,99,99,0,0,0,0,1,7,0,420631,6540,26.000000000000000,2009,SR-3007,99999999999999999999,0000000,39.967599999999997,-75.181500000000000,13,32608
157,564,42,101,7,4,1,53,1,1,0,1,11,1,0,25,0,2,3,1,99,99,99,99,99,99,0,0,0,0,1,7,1,420633,6540,16.000000000000000,2009,I-676,99999999999999999999,0000000,39.956800000000001,-75.154300000000006,11,19379
728,565,42,101,4,14,23,50,1,4,0,1,13,2,0,31,0,5,3,2,99,99,99,99,99,99,0,0,0,0,1,3,0,420673,6540,13.000000000000000,2009,US-1,99999999999999999999,0000000,40.025700000000001,-75.120699999999999,13,3487
885,566,42,101,8,21,0,44,1,2,0,1,13,3,0,19,0,5,3,1,99,99,99,99,99,99,0,0,0,0,2,6,1,420715,6540,39.000000000000000,2009,SR-611,HUNTINGDON ST,0000000,39.992400000000004,-75.154899999999998,13,5028
886,567,42,101,5,7,2,0,1,2,1,1,13,2,0,8,0,1,3,2,2,1,2,5,2,17,0,0,0,0,1,5,0,420716,6540,3.000000000000000,2009,US-1,99999999999999999999,0000000,40.021099999999997,-75.139700000000005,13,32450
564,568,42,101,8,8,7,20,1,1,0,0,16,6,0,1,0,1,1,1,99,99,99,99,99,99,0,0,0,0,1,7,0,420722,6540,0.000000000000000,2009,POINT BREEZE AV,28TH ST,0000000,39.926099999999998,-75.192800000000005,16,2473
729,569,42,101,8,8,6,4,1,1,0,0,16,6,0,30,0,5,4,1,6,2,6,6,88,88,0,0,0,0,1,7,0,420740,6540,0.000000000000000,2009,G ST,BRISTOL ST,0000000,40.013700000000000,-75.111800000000002,16,7862
50,570,42,101,8,27,19,19,2,3,0,0,15,3,0,12,4,1,1,1,19,10,19,14,19,24,0,0,0,0,1,5,0,420741,6540,2.000000000000000,2009,SR-2012,30TH ST,0000000,39.991199999999999,-75.181500000000000,15,3272
887,571,42,101,8,28,21,0,2,5,1,0,13,2,0,8,0,1,3,2,99,99,99,99,99,99,0,14,0,0,1,6,0,420742,6540,71.000000000000000,2009,US-13,99999999999999999999,0000000,40.014299999999999,-75.157499999999999,13,27628
565,572,42,101,9,18,13,2,2,2,0,1,13,3,0,12,3,1,1,1,13,2,13,6,13,28,0,0,0,0,1,6,0,420771,6540,19.000000000000000,2009,SR-2001,99999999999999999999,0000000,39.914900000000003,-75.137799999999999,13,35865
398,573,42,101,9,27,23,5,1,2,1,1,13,2,0,8,0,1,3,1,23,5,23,10,88,88,0,0,0,0,1,1,0,420772,6540,102.000000000000000,2009,US-1,BRIDGE ST,0000000,40.029899999999998,-75.087800000000001,13,30469
245,574,42,101,9,9,18,0,1,2,1,0,16,6,0,8,0,1,1,2,99,99,99,99,99,99,0,0,0,0,1,4,0,420773,6540,0.000000000000000,2009,RED LION RD,99999999999999999999,0000000,40.104599999999998,-75.031899999999993,16,23393
888,575,42,101,9,13,4,27,1,1,0,0,16,6,0,42,0,4,3,2,4,27,4,30,88,88,0,21,0,0,1,1,1,420779,6540,0.000000000000000,2009,13TH ST,99999999999999999999,0000000,40.025199999999998,-75.145499999999998,16,4282
51,576,42,101,9,29,17,32,1,1,0,0,16,6,0,33,0,4,1,1,17,32,17,37,88,88,0,22,0,0,1,3,0,420782,6540,0.000000000000000,2009,POPLAR ST,UNION ST,0000000,39.972799999999999,-75.202900000000000,16,34231
566,577,42,101,9,26,13,11,1,1,0,1,11,1,0,24,0,2,1,1,13,12,13,26,14,16,0,0,0,0,1,7,0,420812,6540,129.000000000000000,2009,I-95,99999999999999999999,0000000,39.888100000000001,-75.241699999999994,11,34765
730,578,42,101,10,4,1,24,2,5,0,1,11,1,0,12,1,1,3,1,1,26,1,38,88,88,0,0,0,0,4,1,2,420845,6540,234.000000000000000,2009,I-95,99999999999999999999,0000000,39.975499999999997,-75.116399999999999,11,39966
246,579,42,101,10,7,17,47,1,2,1,0,16,6,0,8,0,1,1,1,17,47,17,53,18,0,0,16,0,0,1,4,0,420891,6540,0.000000000000000,2009,KESWICK RD,99999999999999999999,0000000,40.074800000000003,-74.992300000000000,16,16045
567,580,42,101,10,22,19,20,1,2,1,1,13,3,0,9,0,1,3,1,19,15,19,32,20,1,0,0,0,0,1,5,0,420894,6540,23.000000000000000,2009,SR-2001,99999999999999999999,0000000,39.920000000000002,-75.140600000000006,13,35864
650,581,42,101,9,3,21,0,2,2,0,1,13,2,0,12,4,1,3,1,99,99,99,99,88,88,0,0,0,0,1,5,0,420803,6540,14.000000000000000,2009,US-30,54TH ST,0000000,39.978800000000000,-75.230099999999993,13,33087
731,582,42,101,9,12,2,0,1,2,0,1,11,1,0,24,0,2,3,2,2,2,2,9,2,49,0,0,0,0,1,7,1,420824,6540,253.000000000000000,2009,I-95,99999999999999999999,0000000,39.985799999999998,-75.093199999999996,11,34928
399,583,42,101,10,14,10,14,1,4,2,1,13,3,0,8,0,1,1,1,10,14,10,16,10,39,0,0,0,0,2,4,0,420886,6540,17.000000000000000,2009,SR-0073,99999999999999999999,0000000,40.048000000000002,-75.060400000000001,13,31239
889,584,42,101,10,2,13,53,1,1,0,0,16,6,0,30,0,5,1,9,13,53,13,57,14,30,0,0,0,0,1,6,0,420925,6540,0.000000000000000,2009,OXFORD ST,99999999999999999999,0000000,39.979199999999999,-75.173100000000005,16,3861
568,585,42,101,11,12,4,0,1,1,0,1,13,3,0,30,0,5,3,2,4,4,4,13,4,23,0,0,0,0,1,5,0,420976,6540,24.000000000000000,2009,SR-2001,99999999999999999999,0000000,39.920900000000003,-75.141499999999994,13,18268
158,586,42,101,10,12,13,15,1,4,1,0,13,3,0,44,0,1,1,1,13,13,13,16,13,35,0,0,0,0,1,2,0,420948,6540,41.000000000000000,2009,SR-0003,TWENTYFIRST ST,0000000,39.950800000000001,-75.175700000000006,13,740
400,587,42,101,11,7,3,25,1,2,0,0,13,3,0,42,0,5,3,1,3,28,3,32,3,56,0,0,0,0,1,7,0,420967,6540,8.000000000000000,2009,SR-1008,99999999999999999999,0000000,40.027099999999997,-75.056700000000006,13,27866
732,588,42,101,11,22,6,1,3,5,1,1,11,1,0,9,0,1,3,1,6,3,6,11,6,30,0,0,0,0,1,1,0,421012,6540,239.000000000000000,2009,I-0095,99999999999999999999,0000000,39.980100000000000,-75.105800000000002,11,39965
569,589,42,101,12,29,3,5,1,3,0,0,13,3,0,33,0,4,3,1,99,99,99,99,99,99,0,0,0,0,1,3,0,421013,6540,1.000000000000000,2009,SR-3015,99999999999999999999,0000000,39.918599999999998,-75.246899999999997,13,10113
493,590,42,101,12,18,12,16,2,2,0,0,16,6,0,12,5,1,1,1,99,99,99,99,99,99,0,0,0,0,1,6,0,421014,6540,0.000000000000000,2009,CHELTEN AV,99999999999999999999,0000000,40.042099999999998,-75.168400000000005,16,16878
52,591,42,101,11,1,10,2,2,5,0,0,13,3,0,12,4,1,1,2,9,59,10,6,10,24,0,0,0,0,1,1,0,421041,6540,30.000000000000000,2009,SR-3007,99999999999999999999,0000000,39.983300000000000,-75.202799999999996,13,39851
733,592,42,101,12,7,18,50,2,5,0,0,14,3,0,12,3,1,3,1,18,52,18,58,19,38,0,0,0,0,1,2,0,421117,6540,72.000000000000000,2009,SR-2001,99999999999999999999,0000000,39.979100000000003,-75.108900000000006,14,31036
734,593,42,101,12,28,1,14,1,2,0,0,16,6,0,33,0,4,3,1,99,99,99,99,99,99,0,0,0,0,1,2,1,421146,6540,0.000000000000000,2009,G ST,99999999999999999999,0000000,40.009200000000000,-75.112799999999993,16,7842
53,594,42,101,12,9,2,32,2,5,0,0,16,6,0,12,5,1,3,2,2,32,2,37,2,52,0,0,0,0,1,4,0,421064,6540,0.000000000000000,2009,S CONCOURSE DR,E RD,0000000,39.977200000000003,-75.209999999999994,16,33140
401,595,42,101,12,4,22,45,1,2,1,0,14,3,0,8,0,1,3,1,22,46,22,50,88,88,0,0,0,0,1,6,0,421145,6540,48.000000000000000,2009,SR-1007,99999999999999999999,0000000,40.046399999999998,-74.993799999999993,14,16245
54,596,42,101,1,9,14,22,1,2,0,0,13,3,0,40,0,5,1,1,99,99,99,99,99,99,0,0,0,0,2,7,0,420069,6540,37.000000000000000,2010,SR-3009,,0000000,40.010316670000002,-75.197580560000006,13,26578
159,597,42,101,2,27,18,44,1,1,1,1,13,3,0,8,0,1,5,1,18,44,18,50,19,11,0,0,0,0,1,7,0,420122,6540,47.000000000000000,2010,SR-2001,,0000000,39.953375000000001,-75.140050000000002,13,19482
55,598,42,101,2,26,22,35,2,5,0,1,11,1,0,25,0,2,3,1,99,99,99,99,99,99,0,0,0,0,1,6,0,420130,6540,3408.000000000000000,2010,I-76,,0000000,39.999111110000001,-75.195311110000006,11,35013
570,599,42,101,3,13,14,18,1,1,0,1,11,1,0,25,0,3,1,2,14,0,14,5,88,88,0,0,0,0,1,7,0,420147,6540,143.000000000000000,2010,I-95,,0000000,39.888966670000002,-75.218155560000000,11,34919
735,600,42,101,3,13,4,58,1,1,0,0,16,3,0,42,0,5,3,2,4,58,5,3,88,88,0,0,0,0,1,7,0,420161,6540,38.000000000000000,2010,SR-1005,,0000000,40.021850000000001,-75.094058329999996,16,8870
571,601,42,101,3,22,16,20,3,5,0,1,11,1,0,12,6,1,1,2,16,29,16,32,17,41,0,5,0,0,1,2,0,420168,6540,119.000000000000000,2010,I-0095,,0000000,39.878052779999997,-75.251591669999996,11,25675
402,602,42,101,1,1,3,3,3,5,0,1,11,1,0,12,1,1,3,2,2,56,3,6,3,46,0,19,0,0,2,6,1,420052,6540,268.000000000000000,2010,I-0095,,0000000,40.003847219999997,-75.076905560000000,11,35003
736,603,42,101,1,14,18,30,1,1,1,0,16,6,0,8,0,1,3,1,18,31,18,38,19,50,0,0,0,0,1,5,0,420071,6540,0.000000000000000,2010,BRIDGE ST,,0000000,40.032366670000002,-75.092186110000000,16,30950
572,604,42,101,2,1,18,1,1,1,0,0,15,3,0,14,0,10,3,1,18,5,18,16,88,88,0,0,0,0,1,2,0,420093,6540,9.000000000000000,2010,SR-3095,,0000000,39.893255560000000,-75.233038890000003,15,9793
737,605,42,101,2,13,5,10,1,3,0,1,13,2,0,33,0,3,3,8,5,9,5,15,5,32,0,0,0,0,2,7,0,420118,6540,85.000000000000000,2010,US-1,,0000000,40.026641669999997,-75.115399999999994,13,30762
403,606,42,101,2,20,19,51,1,1,1,1,13,3,0,8,0,1,3,1,19,55,19,59,20,39,0,0,0,0,1,7,0,420119,6540,21.000000000000000,2010,SR-73,,0000000,40.045175000000000,-75.055480560000007,13,30008
404,607,42,101,2,28,19,15,2,4,0,0,4,3,0,12,6,1,3,1,99,99,99,99,99,99,0,0,0,0,2,1,1,420135,6540,45.000000000000000,2010,SR-1004,KINSEY ST,0000000,40.009202780000003,-75.082122220000002,4,8681
573,608,42,101,2,5,18,39,2,3,1,1,11,1,0,8,0,1,2,4,18,53,18,58,88,88,0,14,0,0,1,6,0,420140,6540,129.000000000000000,2010,I-95,,0000000,39.888366670000003,-75.241769439999999,11,34916
890,609,42,101,3,11,23,12,1,1,1,1,13,3,0,8,0,1,3,1,23,11,23,15,23,27,0,0,0,0,1,5,0,420176,6540,54.000000000000000,2010,SR-611,MCFARRAN ST,0000000,40.012405559999998,-75.150533330000002,13,37118
405,610,42,101,3,5,18,23,1,2,1,1,13,3,0,8,0,1,3,1,18,22,18,26,18,53,0,0,0,0,1,6,0,420177,6540,6.000000000000000,2010,SR-73,,0000000,40.058002780000002,-75.077955560000007,13,30354
891,611,42,101,3,27,19,30,1,1,1,0,16,6,0,8,0,1,3,1,19,30,19,35,19,54,0,0,0,0,1,7,0,420178,6540,0.000000000000000,2010,LAMBERT ST,,0000000,39.985033330000000,-75.167550000000006,16,5657
406,612,42,101,3,7,5,27,1,3,0,0,14,3,0,14,0,5,4,1,99,99,99,99,99,99,0,0,0,0,1,1,0,420181,6540,42.000000000000000,2010,SR-1004,,0000000,40.007402780000000,-75.086386110000007,14,8526
160,613,42,101,4,18,6,27,1,2,0,1,11,1,0,25,0,3,1,1,6,38,6,46,7,12,0,0,0,0,1,1,0,420222,6540,214.000000000000000,2010,I-95,,0000000,39.954938890000001,-75.141608329999997,11,39892
494,614,42,101,4,7,22,5,1,1,1,0,13,3,0,8,0,1,3,1,99,99,99,99,88,88,0,0,0,0,1,4,0,420260,6540,7.000000000000000,2010,SR-1002,,0000000,40.055169440000000,-75.125666670000001,13,35255
161,615,42,101,4,2,18,21,1,1,1,0,16,6,0,8,0,1,1,1,18,24,99,97,99,97,0,0,0,0,1,6,0,420268,6540,0.000000000000000,2010,CATHARINE ST,,0000000,39.940622220000002,-75.164777779999994,16,37350
892,616,42,101,4,3,1,20,1,1,1,0,13,2,0,8,0,1,3,1,1,20,1,25,1,46,0,0,0,0,1,7,1,420269,6540,66.000000000000000,2010,US-13,,0000000,40.009983329999997,-75.166561110000004,13,26824
247,617,42,101,3,21,20,47,2,3,0,1,13,2,0,12,1,1,3,1,20,47,20,55,88,88,0,0,0,0,2,1,1,420194,6540,100.000000000000000,2010,US-1,HALDEMAN AV,0000000,40.099886110000000,-75.008163890000006,13,36357
162,618,42,101,3,18,1,42,2,3,0,0,14,3,0,12,6,1,3,1,1,43,1,47,88,88,0,0,0,0,2,5,0,420196,6540,3.000000000000000,2010,SR-2676,SR-3027,0000000,39.958511110000003,-75.165580559999995,14,1205
163,619,42,101,4,16,10,20,1,6,0,0,14,3,0,5,0,1,1,1,88,88,88,88,88,88,0,0,0,0,1,6,0,420255,6540,18.000000000000000,2010,SR-3005,FAIRMOUNT AV,0000000,39.964516670000002,-75.204527780000006,14,33954
738,620,42,101,4,1,8,11,1,1,1,0,13,3,0,8,0,1,1,1,8,11,8,14,8,30,0,0,0,0,1,5,0,420270,6540,37.000000000000000,2010,SR-2014,,0000000,39.986113889999999,-75.121463890000001,13,14748
651,621,42,101,4,29,21,30,1,1,1,1,13,3,0,8,0,1,3,1,21,38,21,41,22,0,0,0,0,0,1,5,0,420271,6540,10.000000000000000,2010,SR-3,56TH ST,0000000,39.957952779999999,-75.233497220000004,13,29509
893,622,42,101,5,30,1,54,1,1,1,0,13,3,0,8,0,1,3,1,1,51,1,55,2,8,0,0,0,0,1,1,0,420292,6540,29.000000000000000,2010,SR-2014,MASCHER ST,0000000,39.991163890000003,-75.132905559999998,13,9755